#,ts_us,dur_us,stream,kernel_short,kernel_full
0,536435400360.173,15.49,8365,deep_gemm_bf16,"void deep_gemm::sm100_bf16_gemm_impl<(cute::UMMA::Major)0, (cute::UMMA::Major)0, 0u, 0u, 0u, 128u, 32u, 64u, 1u, 128u, 128u, 128u, 9u, 128u, 128u, 1u, false, 148u, (deep_gemm::GemmType)0, false, float, 100ul>(int*, unsigned int, unsigned int, unsigned int, CUtensorMap_st, CUtensorMap_st, CUtensorMap_st, CUtensorMap_st)"
1,536435400375.983,2.24,8365,triton_poi_fused_mul_0,triton_poi_fused_mul_0
2,536435400378.575,2.304,8365,per_token_group_quant,"void (anonymous namespace)::per_token_group_quant_8bit_kernel<__nv_bfloat16, __nv_fp8_e4m3, true, true>(__nv_bfloat16 const*, __nv_fp8_e4m3*, std::conditional<true, unsigned int, float>::type*, int, int, int, float, float, float, int, int)"
3,536435400381.199,9.441,8365,deep_gemm_fp8,"void deep_gemm::sm100_fp8_gemm_1d1d_impl<(cute::UMMA::Major)0, (cute::UMMA::Major)0, 0u, 4096u, 2048u, 128u, 64u, 128u, 1u, 128u, 128u, 128u, 7u, 128u, 128u, 1u, false, 80u, (deep_gemm::GemmType)0, false, cutlass::bfloat16_t, deep_gemm::EpilogueIdentity>(int*, unsigned int, unsigned int, unsigned int, CUtensorMap_st, CUtensorMap_st, CUtensorMap_st, CUtensorMap_st, CUtensorMap_st, CUtensorMap_st)"
4,536435400397.232,2.208,8365,fused_rope,"void (anonymous namespace)::fused_rope_kernel<false, 64l, true, __nv_bfloat16, long, 8u>((anonymous namespace)::FusedRopeParams)"
5,536435400400.016,3.297,8365,elementwise,"void at::native::elementwise_kernel<128, 4, at::native::gpu_kernel_impl_nocast<at::native::direct_copy_kernel_cuda(at::TensorIteratorBase&)::{lambda()#3}::operator()() const::{lambda()#12}::operator()() const::{lambda(c10::BFloat16)#1}>(at::TensorIteratorBase&, at::native::direct_copy_kernel_cuda(at::TensorIteratorBase&)::{lambda()#3}::operator()() const::{lambda()#12}::operator()() const::{lambda(c10::BFloat16)#1} const&)::{lambda(int)#1}>(int, at::native::gpu_kernel_impl_nocast<at::native::direct_copy_kernel_cuda(at::TensorIteratorBase&)::{lambda()#3}::operator()() const::{lambda()#12}::operator()() const::{lambda(c10::BFloat16)#1}>(at::TensorIteratorBase&, at::native::direct_copy_kernel_cuda(at::TensorIteratorBase&)::{lambda()#3}::operator()() const::{lambda()#12}::operator()() const::{lambda(c10::BFloat16)#1} const&)::{lambda(int)#1})"
6,536435400403.601,2.24,8365,elementwise,"void at::native::elementwise_kernel<128, 4, at::native::gpu_kernel_impl_nocast<at::native::direct_copy_kernel_cuda(at::TensorIteratorBase&)::{lambda()#3}::operator()() const::{lambda()#12}::operator()() const::{lambda(c10::BFloat16)#1}>(at::TensorIteratorBase&, at::native::direct_copy_kernel_cuda(at::TensorIteratorBase&)::{lambda()#3}::operator()() const::{lambda()#12}::operator()() const::{lambda(c10::BFloat16)#1} const&)::{lambda(int)#1}>(int, at::native::gpu_kernel_impl_nocast<at::native::direct_copy_kernel_cuda(at::TensorIteratorBase&)::{lambda()#3}::operator()() const::{lambda()#12}::operator()() const::{lambda(c10::BFloat16)#1}>(at::TensorIteratorBase&, at::native::direct_copy_kernel_cuda(at::TensorIteratorBase&)::{lambda()#3}::operator()() const::{lambda()#12}::operator()() const::{lambda(c10::BFloat16)#1} const&)::{lambda(int)#1})"
7,536435400406.385,1.952,8365,elementwise,"void at::native::elementwise_kernel<128, 4, at::native::gpu_kernel_impl_nocast<at::native::direct_copy_kernel_cuda(at::TensorIteratorBase&)::{lambda()#3}::operator()() const::{lambda()#12}::operator()() const::{lambda(c10::BFloat16)#1}>(at::TensorIteratorBase&, at::native::direct_copy_kernel_cuda(at::TensorIteratorBase&)::{lambda()#3}::operator()() const::{lambda()#12}::operator()() const::{lambda(c10::BFloat16)#1} const&)::{lambda(int)#1}>(int, at::native::gpu_kernel_impl_nocast<at::native::direct_copy_kernel_cuda(at::TensorIteratorBase&)::{lambda()#3}::operator()() const::{lambda()#12}::operator()() const::{lambda(c10::BFloat16)#1}>(at::TensorIteratorBase&, at::native::direct_copy_kernel_cuda(at::TensorIteratorBase&)::{lambda()#3}::operator()() const::{lambda()#12}::operator()() const::{lambda(c10::BFloat16)#1} const&)::{lambda(int)#1})"
8,536435400408.657,1.728,8365,elementwise,"void at::native::elementwise_kernel<128, 4, at::native::gpu_kernel_impl_nocast<at::native::direct_copy_kernel_cuda(at::TensorIteratorBase&)::{lambda()#3}::operator()() const::{lambda()#12}::operator()() const::{lambda(c10::BFloat16)#1}>(at::TensorIteratorBase&, at::native::direct_copy_kernel_cuda(at::TensorIteratorBase&)::{lambda()#3}::operator()() const::{lambda()#12}::operator()() const::{lambda(c10::BFloat16)#1} const&)::{lambda(int)#1}>(int, at::native::gpu_kernel_impl_nocast<at::native::direct_copy_kernel_cuda(at::TensorIteratorBase&)::{lambda()#3}::operator()() const::{lambda()#12}::operator()() const::{lambda(c10::BFloat16)#1}>(at::TensorIteratorBase&, at::native::direct_copy_kernel_cuda(at::TensorIteratorBase&)::{lambda()#3}::operator()() const::{lambda()#12}::operator()() const::{lambda(c10::BFloat16)#1} const&)::{lambda(int)#1})"
9,536435400410.705,1.824,8365,fast_hadamard,"void (anonymous namespace)::fast_hadamard_transform_kernel<(anonymous namespace)::FastHadamardKernelTraits<16, 7, __nv_bfloat16> >(HadamardParamsBase)"
10,536435400412.849,1.953,8365,act_quant,_act_quant_kernel
11,536435400415.122,1.248,8365,elementwise,"void at::native::vectorized_elementwise_kernel<4, at::native::BinaryFunctor<float, float, float, at::native::binary_internal::MulFunctor<float> >, std::array<char*, 3ul> >(int, at::native::BinaryFunctor<float, float, float, at::native::binary_internal::MulFunctor<float> >, std::array<char*, 3ul>)"
12,536435400416.69,1.12,8365,elementwise,"void at::native::vectorized_elementwise_kernel<4, at::native::AUnaryFunctor<float, float, float, at::native::binary_internal::MulFunctor<float> >, std::array<char*, 2ul> >(int, at::native::AUnaryFunctor<float, float, float, at::native::binary_internal::MulFunctor<float> >, std::array<char*, 2ul>)"
13,536435400418.13,4.896,8365,deep_gemm_fp8_paged_mqa,"void deep_gemm::sm100_fp8_paged_mqa_logits<1u, 32u, 128u, 64u, 3u, 3u, 256u, 128u, 512u>(unsigned int, unsigned long, unsigned long, unsigned int const*, float*, unsigned int const*, unsigned int const*, CUtensorMap_st, CUtensorMap_st, CUtensorMap_st, CUtensorMap_st)"
14,536435400423.314,11.521,8365,topk_transform_decode,"(anonymous namespace)::topk_transform_decode_kernel((anonymous namespace)::FastTopKParams, int*, int const*, long)"
